,name
0,Adriana_Lima
1,Alex_Lawther
2,Alexandra_Daddario
3,Alvaro_Morte
4,Amanda_Crew
5,Andy_Samberg
6,Anne_Hathaway
7,Anthony_Mackie
8,Avril_Lavigne
9,Ben_Affleck
10,Bill_Gates
11,Bobby_Morley
12,Brenton_Thwaites
13,Brian_J._Smith
14,Brie_Larson
15,Chris_Evans
16,Chris_Hemsworth
17,Chris_Pratt
18,Christian_Bale
19,Cristiano_Ronaldo
20,Danielle_Panabaker
21,Dominic_Purcell
22,Dwayne_Johnson
23,Eliza_Taylor
24,Elizabeth_Lail
25,Emilia_Clarke
26,Emma_Stone
27,Emma_Watson
28,Gwyneth_Paltrow
29,Henry_Cavil
30,Hugh_Jackman
31,Inbar_Lavi
32,Irina_Shayk
33,Jake_Mcdorman
34,Jason_Momoa
35,Jennifer_Lawrence
36,Jeremy_Renner
37,Jessica_Barden
38,Jimmy_Fallon
39,Johnny_Depp
40,Josh_Radnor
41,Katharine_Mcphee
42,Katherine_Langford
43,Keanu_Reeves
44,Krysten_Ritter
45,Leonardo_DiCaprio
46,Lili_Reinhart
47,Lindsey_Morgan
48,Lionel_Messi
49,Logan_Lerman
50,Madelaine_Petsch
51,Maisie_Williams
52,Maria_Pedraza
53,Marie_Avgeropoulos
54,Mark_Ruffalo
55,Mark_Zuckerberg
56,Megan_Fox
57,Miley_Cyrus
58,Millie_Bobby_Brown
59,Morena_Baccarin
60,Morgan_Freeman
61,Nadia_Hilker
62,Natalie_Dormer
63,Natalie_Portman
64,Neil_Patrick_Harris
65,Pedro_Alonso
66,Penn_Badgley
67,Rami_Malek
68,Rebecca_Ferguson
69,Richard_Harmon
70,Rihanna
71,Robert_De_Niro
72,Robert_Downey_Jr
73,Sarah_Wayne_Callies
74,Selena_Gomez
75,Shakira_Isabel_Mebarak
76,Sophie_Turner
77,Stephen_Amell
78,Taylor_Swift
79,Tom_Cruise
80,Tom_Hardy
81,Tom_Hiddleston
82,Tom_Holland
83,Tuppence_Middleton
84,Ursula_Corbero
85,Wentworth_Miller
86,Zac_Efron
87,Zendaya
88,Zoe_Saldana
89,alycia_dabnem_carey
90,amber_heard
91,barack_obama
92,barbara_palvin
93,camila_mendes
94,elizabeth_olsen
95,ellen_page
96,elon_musk
97,gal_gadot
98,grant_gustin
99,jeff_bezos
100,kiernen_shipka
101,margot_robbie
102,melissa_fumero
103,scarlett_johansson
104,tom_ellis
